{"short_name":"Mapicloc","name":"Map-Picture-Location App","description":"An app that locates you, puts you on a map, and lets you take pictures","id":"/","scope":"/","start_url":"/","display":"standalone","orientation":"portrait","icons":[{"src":"/icon/icon512.png","type":"image/png","sizes":"512x512","purpose":"any"},{"src":"/icon/icon512.png","type":"image/png","sizes":"512x512","purpose":"maskable"},{"src":"/icon/icon384.png","type":"image/png","sizes":"384x384","purpose":"any"},{"src":"/icon/icon256.png","type":"image/png","sizes":"256x256","purpose":"any"},{"src":"/icon/icon144.png","type":"image/png","sizes":"144x144","purpose":"any"},{"src":"/icon/icon128.png","type":"image/png","sizes":"128x128","purpose":"any"}],"theme_color":"#0088FF","background_color":"#BBDDFF"}